Temperature,Energy,Accept,Improve,Elapsed,Remaining
2500.0,3.440156331200309e+18,   0:00:18
1252.9680840681806,3.440156331200309e+18,1.0,0.0,   0:00:34,   0:05:06
627.9716078773951,2.1727303239744776e+18,1.0,1.0,   0:00:50,   0:03:20
314.7313529485418,2.1727303239744776e+18,1.0,0.0,   0:01:06,   0:02:33