GBest Energy,Accept,Improve,Elapsed,Remaining
8502,   0:00:01
8283,0.0,0.0001282051282051282,   0:00:03,   0:00:05
7343,0.0,0.00022222222222222223,   0:00:03,   0:00:04